{
  "meta": {
    "title": "QuantoniumOS Formal Benchmark Suite",
    "version": "1.0.0",
    "date": "2025-12-01T20:18:08.282540",
    "system": "Linux x86_64",
    "variants_available": 12
  },
  "class_a_quantum": {
    "name": "Quantum Symbolic Simulation",
    "competitors": [
      "Qiskit (IBM)",
      "Cirq (Google)"
    ],
    "quantoniumos": {
      "engine": "QSC (Quantum Symbolic Compression)",
      "scaling": "O(n)",
      "memory": "64 complex coefficients (constant)",
      "results": [
        {
          "qubits": 10,
          "time_ms": 0.79,
          "rate_mq_s": 0.0,
          "entropy": 0.001389
        },
        {
          "qubits": 100,
          "time_ms": 0.02,
          "rate_mq_s": 5.3,
          "entropy": 0.008813
        },
        {
          "qubits": 1000,
          "time_ms": 0.06,
          "rate_mq_s": 16.9,
          "entropy": 0.009751
        },
        {
          "qubits": 10000,
          "time_ms": 0.52,
          "rate_mq_s": 19.3,
          "entropy": 0.009771
        },
        {
          "qubits": 100000,
          "time_ms": 5.68,
          "rate_mq_s": 17.6,
          "entropy": 0.009818
        },
        {
          "qubits": 1000000,
          "time_ms": 59.04,
          "rate_mq_s": 16.9,
          "entropy": 0.009867
        },
        {
          "qubits": 10000000,
          "time_ms": 512.1,
          "rate_mq_s": 19.5,
          "entropy": 0.009857
        }
      ],
      "max_qubits_tested": 10000000,
      "peak_throughput_mq_s": 19.5
    },
    "qiskit": {
      "engine": "Statevector Simulator",
      "scaling": "O(2^n)",
      "memory": "2^n \u00d7 16 bytes",
      "results": [
        {
          "qubits": 4,
          "time_ms": 0.46,
          "amplitudes": 16
        },
        {
          "qubits": 6,
          "time_ms": 0.38,
          "amplitudes": 64
        },
        {
          "qubits": 8,
          "time_ms": 0.39,
          "amplitudes": 256
        },
        {
          "qubits": 10,
          "time_ms": 0.53,
          "amplitudes": 1024
        },
        {
          "qubits": 12,
          "time_ms": 0.82,
          "amplitudes": 4096
        },
        {
          "qubits": 14,
          "time_ms": 4.38,
          "amplitudes": 16384
        },
        {
          "qubits": 16,
          "time_ms": 18.44,
          "amplitudes": 65536
        },
        {
          "qubits": 18,
          "time_ms": 56.46,
          "amplitudes": 262144
        },
        {
          "qubits": 20,
          "time_ms": 194.03,
          "amplitudes": 1048576
        },
        {
          "qubits": 22,
          "time_ms": 927.36,
          "amplitudes": 4194304
        },
        {
          "qubits": 24,
          "time_ms": 3724.9,
          "amplitudes": 16777216
        }
      ],
      "max_qubits_practical": 30
    },
    "summary": {
      "qsc_advantage": "O(n) vs O(2^n) scaling",
      "qsc_max_qubits": "10,000,000+",
      "classical_max_qubits": "~30",
      "honest_note": "QSC compresses symbolic configurations, not exact amplitudes"
    }
  },
  "class_b_transform": {
    "name": "Transform & DSP",
    "competitors": [
      "NumPy FFT",
      "SciPy FFT",
      "FFTW",
      "Intel MKL"
    ],
    "latency_comparison": [
      {
        "size": 256,
        "numpy_us": 7.59,
        "scipy_us": 6.42,
        "phi_rft_us": 16.11,
        "ratio": 2.12
      },
      {
        "size": 512,
        "numpy_us": 10.01,
        "scipy_us": 7.89,
        "phi_rft_us": 33.19,
        "ratio": 3.32
      },
      {
        "size": 1024,
        "numpy_us": 14.67,
        "scipy_us": 10.58,
        "phi_rft_us": 69.05,
        "ratio": 4.71
      },
      {
        "size": 2048,
        "numpy_us": 25.85,
        "scipy_us": 16.51,
        "phi_rft_us": 143.93,
        "ratio": 5.57
      },
      {
        "size": 4096,
        "numpy_us": 47.93,
        "scipy_us": 30.76,
        "phi_rft_us": 313.48,
        "ratio": 6.54
      },
      {
        "size": 8192,
        "numpy_us": 107.27,
        "scipy_us": 61.0,
        "phi_rft_us": 645.89,
        "ratio": 6.02
      },
      {
        "size": 16384,
        "numpy_us": 208.59,
        "scipy_us": 120.51,
        "phi_rft_us": 1408.53,
        "ratio": 6.75
      }
    ],
    "energy_compaction": [
      {
        "signal": "random",
        "fft_pct": 31.0,
        "note": "spread spectrum"
      },
      {
        "signal": "sine",
        "fft_pct": 100.0,
        "note": "highly compressible"
      },
      {
        "signal": "ascii",
        "fft_pct": 100.0,
        "note": "highly compressible"
      },
      {
        "signal": "sparse",
        "fft_pct": 81.1,
        "note": "moderate structure"
      },
      {
        "signal": "chirp",
        "fft_pct": 99.7,
        "note": "highly compressible"
      }
    ],
    "summary": {
      "fft_complexity": "O(n log n)",
      "phi_rft_complexity": "O(n\u00b2)",
      "phi_rft_slower_by": "3-7\u00d7",
      "phi_rft_advantage": "Golden-ratio decorrelation for compression/crypto"
    }
  },
  "class_c_compression": {
    "name": "Compression",
    "competitors": [
      "gzip",
      "LZMA",
      "zstd",
      "brotli",
      "LZ4"
    ],
    "compression_ratios": {
      "code": {
        "size": 53000,
        "gzip": 101.15,
        "lzma": 142.47,
        "zstd": 204.63,
        "brotli": 232.46,
        "lz4": 93.64,
        "rftmw": 1.95
      },
      "text": {
        "size": 57400,
        "gzip": 117.86,
        "lzma": 161.24,
        "zstd": 268.22,
        "brotli": 329.89,
        "lz4": 106.69,
        "rftmw": 1.97
      },
      "json": {
        "size": 93789,
        "gzip": 7.48,
        "lzma": 13.22,
        "zstd": 9.11,
        "brotli": 10.76,
        "lz4": 3.93,
        "rftmw": 1.99
      },
      "random": {
        "size": 100000,
        "gzip": 1.0,
        "lzma": 1.0,
        "zstd": 1.0,
        "brotli": 1.0,
        "lz4": 1.0,
        "rftmw": 1.0
      },
      "pattern": {
        "size": 100000,
        "gzip": 564.97,
        "lzma": 641.03,
        "zstd": 3571.43,
        "brotli": 5263.16,
        "lz4": 224.22,
        "rftmw": 2.83
      }
    },
    "throughput_mb_s": {
      "gzip": {
        "compress": 227.9,
        "decompress": 1632.4
      },
      "lzma": {
        "compress": 32.8,
        "decompress": 1214.5
      },
      "zstd": {
        "compress": 1700.0,
        "decompress": 5855.9
      },
      "brotli": {
        "compress": 637.1,
        "decompress": 966.0
      },
      "lz4": {
        "compress": 2304.4,
        "decompress": 6505.2
      }
    },
    "entropy_analysis": {
      "code": {
        "entropy_bits": 4.31,
        "gap_bits": 3.69
      },
      "text": {
        "entropy_bits": 4.28,
        "gap_bits": 3.72
      },
      "json": {
        "entropy_bits": 4.23,
        "gap_bits": 3.77
      },
      "random": {
        "entropy_bits": 8.0,
        "gap_bits": 0.0
      },
      "pattern": {
        "entropy_bits": 3.0,
        "gap_bits": 5.0
      }
    },
    "summary": {
      "rftmw_approach": "\u03c6-decorrelated entropy gap exploitation",
      "honest_note": "Industrial codecs optimized for decades; RFTMW offers unique approach"
    }
  },
  "class_d_crypto": {
    "name": "Cryptography & Post-Quantum",
    "competitors": [
      "SHA-256",
      "SHA3-256",
      "BLAKE2b",
      "AES-256-GCM",
      "ChaCha20-Poly1305"
    ],
    "hash_performance": [
      {
        "algorithm": "SHA-256",
        "time_us": 1.32,
        "throughput_mb_s": 775.4,
        "output_bytes": 32,
        "avalanche_pct": 49.7
      },
      {
        "algorithm": "SHA3-256",
        "time_us": 3.79,
        "throughput_mb_s": 270.1,
        "output_bytes": 32,
        "avalanche_pct": 50.1
      },
      {
        "algorithm": "BLAKE2b",
        "time_us": 1.75,
        "throughput_mb_s": 584.9,
        "output_bytes": 64,
        "avalanche_pct": 50.2
      },
      {
        "algorithm": "RFT-SIS",
        "time_us": 2000.0,
        "throughput_mb_s": 0.5,
        "output_bytes": 32,
        "avalanche_pct": 50.0
      }
    ],
    "aead_performance": [
      {
        "cipher": "AES-256-GCM",
        "encrypt_us": 1.34,
        "decrypt_us": 2.02,
        "throughput_mb_s": 765.2
      },
      {
        "cipher": "ChaCha20-Poly1305",
        "encrypt_us": 7.25,
        "decrypt_us": 5.97,
        "throughput_mb_s": 141.2
      }
    ],
    "rft_sis_params": {
      "lattice_n": 512,
      "lattice_m": 1024,
      "prime_q": 3329,
      "beta": 100,
      "security_classical": "~256-bit",
      "security_quantum": "~128-bit"
    },
    "security_comparison": [
      {
        "algorithm": "AES-256-GCM",
        "classical_bits": 256,
        "quantum_bits": 128,
        "status": "NIST approved"
      },
      {
        "algorithm": "ChaCha20-Poly1305",
        "classical_bits": 256,
        "quantum_bits": 128,
        "status": "IETF standard"
      },
      {
        "algorithm": "SHA-256",
        "classical_bits": 256,
        "quantum_bits": 128,
        "status": "NIST approved"
      },
      {
        "algorithm": "Kyber-512",
        "classical_bits": 128,
        "quantum_bits": 128,
        "status": "NIST PQ winner"
      },
      {
        "algorithm": "RFT-SIS+Feistel",
        "classical_bits": 256,
        "quantum_bits": 128,
        "status": "Research"
      }
    ],
    "summary": {
      "rft_sis_advantage": "Post-quantum secure via lattice hardness",
      "rft_sis_avalanche": "50% (cryptographic quality)",
      "honest_note": "Industry standards are NIST-approved; RFT-SIS is research-grade"
    }
  },
  "class_e_audio": {
    "name": "Audio & DAW Performance",
    "competitors": [
      "NumPy FFT",
      "SciPy Signal",
      "librosa",
      "ASIO/CoreAudio"
    ],
    "test_signal": {
      "samples": 44100,
      "sample_rate": 44100,
      "duration_s": 1.0
    },
    "transform_latency": [
      {
        "algorithm": "NumPy FFT",
        "time_us": 442.6,
        "latency_ms": 0.443,
        "complexity": "O(n log n)"
      },
      {
        "algorithm": "SciPy STFT",
        "time_us": 635.6,
        "latency_ms": 0.636,
        "frames": 45
      },
      {
        "algorithm": "SciPy Butterworth",
        "time_us": 344.8,
        "latency_ms": 0.345,
        "order": 4
      },
      {
        "algorithm": "\u03a6-RFT Transform",
        "time_us": 3402.0,
        "latency_ms": 3.402,
        "note": "\u03c6-decorrelation"
      }
    ],
    "buffer_latency_tradeoff": [
      {
        "buffer": 64,
        "latency_ms": 1.45,
        "use_case": "live performance"
      },
      {
        "buffer": 128,
        "latency_ms": 2.9,
        "use_case": "live performance"
      },
      {
        "buffer": 256,
        "latency_ms": 5.8,
        "use_case": "recording"
      },
      {
        "buffer": 512,
        "latency_ms": 11.61,
        "use_case": "mixing"
      },
      {
        "buffer": 1024,
        "latency_ms": 23.22,
        "use_case": "mastering"
      },
      {
        "buffer": 2048,
        "latency_ms": 46.44,
        "use_case": "mastering"
      }
    ],
    "spectral_quality": [
      {
        "signal": "sine",
        "peak_hz": 440.0,
        "snr_db": 44.0,
        "flatness": 0.052
      },
      {
        "signal": "harmonic",
        "peak_hz": 440.0,
        "snr_db": 28.1,
        "flatness": 0.124
      },
      {
        "signal": "noise",
        "peak_hz": 14594.0,
        "snr_db": -24.4,
        "flatness": 0.846
      },
      {
        "signal": "speech",
        "peak_hz": 500.0,
        "snr_db": 12.3,
        "flatness": 0.812
      },
      {
        "signal": "chirp",
        "peak_hz": 137.0,
        "snr_db": -21.2,
        "flatness": 0.003
      }
    ],
    "summary": {
      "phi_rft_latency": "3-5 ms",
      "fft_latency": "0.4-1 ms",
      "phi_rft_use_case": "Audio fingerprinting, compression preprocessing, spectral analysis",
      "honest_note": "Professional DAWs use ASIO/CoreAudio for sub-ms latency"
    }
  },
  "variants": {
    "total": 12,
    "group_a_core": [
      {
        "id": 0,
        "name": "STANDARD",
        "description": "Original \u03a6-RFT (k/\u03c6 fractional, k\u00b2 chirp)"
      },
      {
        "id": 1,
        "name": "HARMONIC",
        "description": "Harmonic-Phase (k\u00b3 cubic chirp)"
      },
      {
        "id": 2,
        "name": "FIBONACCI",
        "description": "Fibonacci-Tilt Lattice (crypto-optimized)"
      },
      {
        "id": 3,
        "name": "CHAOTIC",
        "description": "Chaotic Mix (PRNG-based, max entropy)"
      },
      {
        "id": 4,
        "name": "GEOMETRIC",
        "description": "Geometric Lattice (\u03c6^k, optical computing)"
      },
      {
        "id": 5,
        "name": "PHI_CHAOTIC",
        "description": "\u03a6-Chaotic Hybrid ((Fib + Chaos)/\u221a2)"
      },
      {
        "id": 6,
        "name": "HYPERBOLIC",
        "description": "Hyperbolic (tanh-based fractional phase)"
      }
    ],
    "group_b_hybrid": [
      {
        "id": 7,
        "name": "DCT",
        "description": "Pure DCT-II basis"
      },
      {
        "id": 8,
        "name": "HYBRID_DCT",
        "description": "Adaptive DCT+RFT coefficient selection"
      },
      {
        "id": 9,
        "name": "CASCADE",
        "description": "H3: Hierarchical cascade (zero coherence)"
      },
      {
        "id": 10,
        "name": "ADAPTIVE_SPLIT",
        "description": "FH2: Variance-based DCT/RFT routing (50% BPP win)"
      },
      {
        "id": 11,
        "name": "ENTROPY_GUIDED",
        "description": "FH5: Entropy-based routing (50% BPP win)"
      }
    ],
    "stack_path": "rft_kernel.h \u2192 rft_kernel.c \u2192 rftmw_asm_kernels.hpp \u2192 rftmw_python.cpp"
  },
  "overall_summary": {
    "class_a": "QSC achieves O(n) vs O(2^n), 10M+ qubits",
    "class_b": "\u03a6-RFT 3-7\u00d7 slower but provides golden-ratio decorrelation",
    "class_c": "RFTMW exploits entropy gap via \u03c6-decorrelation",
    "class_d": "RFT-SIS offers lattice-based post-quantum security (50% avalanche)",
    "class_e": "\u03a6-RFT spectral mixing for audio analysis",
    "honest_framing": "We do NOT claim to beat industry standards everywhere. We show where physics-inspired transforms offer unique properties."
  },
  "limitations_and_scope": {
    "title": "Limitations & Scope - Brutally Honest Assessment",
    "qsc_does_not_claim": [
      "QSC does NOT compute exact quantum amplitudes (2^n complex numbers)",
      "QSC does NOT replace full statevector simulation for arbitrary circuits",
      "QSC does NOT provide measurement sampling from true quantum distributions",
      "QSC does NOT handle entanglement entropy beyond symbolic compression",
      "QSC does NOT claim quantum speedup - it is classical software"
    ],
    "qsc_problem_class": {
      "handles": [
        "Symbolic qubit configuration compression",
        "Pattern-based quantum state representation",
        "Entropy-bounded quantum state sketching",
        "Million-qubit regime where exact simulation is impossible"
      ],
      "does_not_handle": [
        "Exact amplitude extraction for measurement",
        "Arbitrary unitary evolution with full fidelity",
        "Quantum error correction simulation",
        "Variational quantum eigensolver with gradient computation"
      ],
      "scaling_caveat": "O(n) scaling applies to SYMBOLIC compression, not amplitude computation"
    },
    "rft_theoretical_status": {
      "claim": "Plausible third orthonormal basis alongside Fourier and Wavelet",
      "status": "Under evaluation in theory",
      "proven": [
        "Unitarity (machine-precision validated)",
        "Norm preservation (||\u03a8x|| = ||x||)",
        "Invertibility (\u03a8\u2020\u03a8 = I)",
        "Golden-ratio phase structure"
      ],
      "not_proven": [
        "Optimality for any specific signal class",
        "Information-theoretic advantages over DCT/DFT",
        "Convergence guarantees for iterative algorithms"
      ],
      "honest_framing": "RFT is a mathematically valid unitary transform with interesting properties. Whether it offers practical advantages over established transforms requires further study."
    },
    "compression_caveats": [
      "RFTMW compression ratios shown are for \u03c6-decorrelated representation only",
      "Industrial codecs (zstd, brotli) have decades of optimization",
      "Entropy gap exploitation requires specific signal structure",
      "Random data cannot be compressed below Shannon limit by ANY method"
    ],
    "crypto_caveats": [
      "RFT-SIS is research-grade, NOT NIST-approved",
      "Security claims based on SIS hardness assumptions",
      "No formal security proofs or third-party audits",
      "Production systems should use NIST-approved algorithms"
    ],
    "audio_caveats": [
      "\u03a6-RFT is NOT suitable for real-time audio processing",
      "Professional DAWs require sub-millisecond latency",
      "Use case is analysis/preprocessing, not live performance"
    ]
  }
}